region,dart_min,dart_avg,dart_max
CAISO,-3.9,0.524521897810219,4.53
ERCOT,-3.41,0.5506532846715331,3.9
NYISO,-3.12,0.5457609489051066,4.3
PJM,-2.91,0.5347025547445257,4.45
SPP,-2.71,0.5211824817518267,5.19
