region,n_obs,r2,beta_intercept,beta_natgas,beta_cdd,beta_natgas_std,beta_cdd_std,importance_natgas_pct,importance_cdd_pct
CAISO,5480,0.058716261715420104,30.665969810472077,2.359505602440387,0.027371436512414027,0.23039742504737523,0.06287624560233236,78.56055558515065,21.43944441484933
ERCOT,5480,0.05864935434371188,32.960991765722646,2.2505420416960304,0.013870990718785059,0.2372884971018706,0.03696323264293933,86.52215150025363,13.47784849974637
NYISO,5480,0.05904331795001638,30.105536431518722,1.96077814153975,0.06631268971605236,0.2422651591242297,0.05187185204474919,82.36473137515179,17.6352686248482
PJM,5480,0.05160780532807774,35.17952616629044,2.08143245593594,0.05865469697121084,0.2211722589463848,0.06577318827783547,77.07815582575176,22.921844174248232
SPP,5480,0.060548615955611784,27.275876522052336,2.3701377027969244,0.02830815172363299,0.23138890394246514,0.0536139072112619,81.18828828592036,18.811711714079625
